"county","num_caregivers","num_workers","num_practitioners","dens_practitioners","num_patients","dens_patients","num_disp_biz","num_biz_related","num_total"
"Adams","3","49","5","0","1023","36.01098282174035483000","3","77","2158"
"Alcorn","3","61","7","0","1315","38.44579581335516314000","4","92","4087"
"Amite","","10","","","178","14.10571360646643950000","","22","426"
"Attala","2","15","","","286","16.33445656519504255000","1","21","780"
"Benton","","15","","","208","27.54966887417218543000","","31","658"
"Bolivar","","37","5","0","519","17.67109295199182840000","3","56","1458"
"Calhoun","","12","","","233","18.23018543149988264000","","12","780"
"Carroll","","16","","","144","14.79806803000719351000","","16","377"
"Chickasaw","1","9","2","0","281","16.71425172495836307000","","9","870"
"Choctaw","","1","1","0","158","19.65907676993903198000","","1","468"
"Claiborne","","3","1","0","71","8.06360022714366837000","","3","168"
"Clarke","","41","","","261","17.09121864972824308000","1","84","827"
"Clay","3","31","2","0","376","20.45701849836779108000","1","43","1317"
"Coahoma","","25","5","0","179","8.86270238154181314000","","44","449"
"Copiah","","62","1","0","478","17.24448933944225982000","2","68","1289"
"Covington","","22","","","313","17.29472869930379047000","","26","902"
"DeSoto","19","192","18","0","4391","22.90283377581197874000","12","283","13217"
"Forrest","4","143","10","0","1816","23.24926385866086289000","6","224","5734"
"Franklin","","8","2","0","129","16.88039780162261188000","","9","352"
"George","2","57","1","0","748","29.67547409346980878000","2","68","1861"
"Greene","3","29","","","155","11.43742621015348288000","","82","501"
"Grenada","","35","2","0","443","21.00720789074355083000","2","62","1208"
"Hancock","5","96","4","0","1843","39.98351195383347073000","10","174","5096"
"Harrison","21","514","19","0","7773","36.83118212315915165000","22","704","20920"
"Hinds","15","532","19","0","4149","19.05571120194736600000","14","802","11216"
"Holmes","1","10","","","120","7.44370696606910241000","","10","286"
"Humphreys","","3","","","49","6.68212191463248329000","","3","96"
"Issaquena","","","","","13","0","","","43"
"Itawamba","2","38","","","749","31.33497887294481864000","1","55","2487"
"Jackson","11","448","18","0","5633","38.85497499568891188000","17","689","14934"
"Jasper","","16","","","243","15.03061792540359993000","","22","738"
"Jefferson","","24","","","84","11.85268802031889375000","","24","225"
"Jefferson Davis","","30","","","124","11.18326118326118326000","","58","408"
"Jones","2","86","4","0","1207","18.13156273941324040000","3","132","3575"
"Kemper","1","25","","","129","14.90640166397041830000","","46","460"
"Lafayette","6","249","8","0","1934","33.56764731406751714000","6","317","6877"
"Lamar","7","93","4","0","1301","19.77714607117340346000","5","158","4244"
"Lauderdale","3","206","8","0","1332","18.78596412050095904000","8","357","4602"
"Lawrence","4","36","","","249","21.25843080338085887000","","37","636"
"Leake","1","54","","","299","14.14714927844807192000","1","76","808"
"Lee","6","211","21","0.25313709181643945000","2769","33.37793367808194409000","8","370","9423"
"Leflore","2","26","2","0","297","11.17802032367331577000","1","29","689"
"Lincoln","9","90","1","0","583","16.79292565601866521000","2","128","1549"
"Lowndes","2","173","5","0","1452","25.20702046768397479000","6","269","5063"
"Madison","8","335","11","0","2588","23.29160404273127357000","5","466","7416"
"Marion","2","25","1","0","458","19.04365904365904366000","","31","1362"
"Marshall","3","39","3","0","709","20.78569334506009968000","3","63","1930"
"Monroe","2","30","4","0","825","24.57039044584090300000","1","56","2570"
"Montgomery","","7","","","161","16.89401888772298006000","","7","395"
"Neshoba","1","46","3","0","633","22.07651797858612632000","1","51","1835"
"Newton","2","36","","","346","16.45346901897379809000","","36","1018"
"Noxubee","1","2","","","94","9.40940940940940941000","","2","237"
"Oktibbeha","2","65","3","0","942","18.31722635969432399000","3","95","3327"
"Panola","2","87","2","0","851","26.05554024677750222000","2","167","2795"
"Pearl River","8","58","3","0","1648","28.78049632385043922000","1","63","4431"
"Perry","1","11","1","0","252","22.16748768472906404000","","16","744"
"Pike","2","97","3","0","544","13.72212692967409949000","2","153","1567"
"Pontotoc","1","43","2","0","697","22.20523113192519672000","","43","2216"
"Prentiss","1","32","5","0","784","31.62310422717005486000","2","49","2484"
"Quitman","","10","","","84","14.73425714786879495000","","21","230"
"Rankin","16","606","23","0.14467319583089590000","5444","34.24351643927814365000","11","731","15734"
"Scott","","58","","","467","16.85494640343595481000","2","83","1315"
"Sharkey","","","","","33","9.46100917431192661000","","","92"
"Simpson","1","51","5","0","589","23.01950209090553797000","2","76","1675"
"Smith","1","27","","","206","14.61822310530797616000","","27","623"
"Stone","1","38","3","0","596","31.92458085596443302000","1","72","1506"
"Sunflower","","18","1","0","159","6.40844786586594656000","","34","420"
"Tallahatchie","2","15","","","168","13.95928541753219776000","","32","558"
"Tate","3","47","2","0","775","27.38903025162567147000","2","62","2059"
"Tippah","1","11","1","0","543","25.33712845877467220000","1","17","1595"
"Tishomingo","6","37","8","0","777","41.73156453085557764000","1","51","2234"
"Tunica","","13","","","84","8.88137026855572003000","","52","290"
"Union","2","32","","","664","23.60888888888888889000","","32","2283"
"Walthall","","18","","","196","14.24315093379841581000","1","41","562"
"Warren","3","199","3","0","907","21.26661820910220638000","2","277","2505"
"Washington","","31","1","0","399","9.38514371736369196000","1","46","829"
"Wayne","","17","","","199","10.11127483359585387000","","17","556"
"Webster","","9","","","191","19.11337936555588912000","","9","626"
"Wilkinson","","1","","","43","5.28060911212083999000","","1","114"
"Winston","1","8","","","236","13.45265918029983469000","","8","721"
"Yalobusha","2","63","","","478","38.66062762859915885000","1","96","1616"
"Yazoo","","58","","","310","11.94697086480653615000","2","112","1003"
